id,created_at,text
864095109398265856,2017-05-15 12:28:22,b'2/2 - It is extremely gratifying that the activist strategy continues to create value for ALL shareholders'
864095055417667584,2017-05-15 12:28:09,"b""1/2 - Very pleased the $AIG board is finally making some of the much-needed changes we've been advocating the last 18 months"""
839824659147280385,2017-03-09 13:06:16,b'We fully support the actions taken today by the board of $AIG. https://t.co/0dyJD3ehsO'
839563245556011012,2017-03-08 19:47:30,b'See my piece in @thehill regarding latest \xe2\x80\x9cfake news\xe2\x80\x9d concerning my activities involving RINs &amp; the RFS: https://t.co/E3NBtEusxt'
831925834021793792,2017-02-15 17:59:09,b'2/2 I have not been in restaurant Marea in 10 yrs.  Nor do I eat steak rare or drink red wine. Nor does Ackman ever toast to me.'
831925778858332163,2017-02-15 17:58:56,b'1/1 Article today in @dealbreaker gives new meaning to the words fake news. https://t.co/z9aSJ3o0S7'
828696219551727616,2017-02-06 20:05:49,"b'Christie\xe2\x80\x99s veto of Sweeney\xe2\x80\x99s bill and his statement about it is spot on. For my further thoughts, see here. https://t.co/7383L27FCc'"
823530802520739840,2017-01-23 14:00:18,"b'.@realDonaldTrump \xe2\x80\x98s brilliant inaugural speech, defying worst critics, leaves no doubt our dangerous slide towards socialism is over.'"
818543044052025348,2017-01-09 19:40:44,b'I will be on @CNBC today around 5:25pm ET for the 10th anniversary of @CNBCFastMoney.'
813540360987222016,2016-12-27 00:21:51,"b""@JonathonTrugman is right on point in his article on reg reform.  I've never met/spoken to him but def intend to. \nhttps://t.co/6JCLnX3QAo"""
811964505974538240,2016-12-22 15:59:58,"b""I'll be speaking with @scottwapnercnbc today at noon ET on @halftimereport @cnbc"""
811720256351830019,2016-12-21 23:49:24,"b""I've agreed to serve as a special advisor to the president on issues relating to regulatory reform: https://t.co/tdL0EP7OHQ"""
810893329705603072,2016-12-19 17:03:30,b'Today $IEP reached an agreement to sell American Railcar Leasing to SMBC Rail Services for $3.3 billion. Read more: https://t.co/WmJPiMwnpw'
807676240891170817,2016-12-10 19:59:56,b'My interview with @PoppyHarlowCNN will be on @CNN today at 3:25pm ET and 4:38pm ET'
805913411519467520,2016-12-05 23:15:05,b'2/2 - I look forward to completion of the spin and to other future changes that we believe will meaningfully enhance value.'
805913320427548672,2016-12-05 23:14:43,b'1/2 - I am very pleased with the actions announced by $XRX today.'
803984035286581248,2016-11-30 15:28:25,b'2/2 Steve Mnuchin and Wilbur Ross will both help to do what American needs most \xe2\x80\x93 stimulate companies to invest.'
803983976809504768,2016-11-30 15:28:12,b'1/2 Congrats to @realDonaldTrump on making excellent choices for Treasury and Commerce.'
801148856729739264,2016-11-22 19:42:26,b'Spoke with Neil @TeamCavuto on @FoxBusiness earlier today.  Here is part of my interview: https://t.co/uzIk0NiMoQ'
801109530675441664,2016-11-22 17:06:10,"b'Read my editorial in the @WSJ , \xe2\x80\x9cIf Oil Refiners Crash, So Will the Economy\xe2\x80\x9d : https://t.co/5CkxCqkkZD'"
799291707309391876,2016-11-17 16:42:47,b'I will be on  @FoxBusiness News\xe2\x80\x99 The Intelligence Report with @trish_regan today at 2:00 p.m. ET'
798566520360226820,2016-11-15 16:41:09,"b'2/2 Both are good friends of mine but, more importantly, they are two of the smartest people I know.'"
798566455600095232,2016-11-15 16:40:54,b'1/2 Spoke to @realDonaldTrump. Steve Mnuchin and Wilbur Ross are being considered for Treasury and Commerce. Both would be great choices.'
797576075912052745,2016-11-12 23:05:29,b'My interview with @PoppyHarlowCNN will be on @CNN tonight \xe2\x80\x93 part I at 7:30pm ET and part II at 8:30 pm ET.'
796396234722410497,2016-11-09 16:57:13,"b""I'll be speaking with @ScottWapnerCNBC today at noon ET on @HalftimeReport regarding @realDonaldTrump victory and what it means for markets"""
793545522497871872,2016-11-01 20:09:30,b'Please read our statement regarding Herbalife ( $HLF ). https://t.co/ZHfemwRRwv'
791703560711004160,2016-10-27 18:10:12,b'I applaud the SEC for voting to propose amendments to the proxy rules to require the use of universal proxy cards: https://t.co/MwRxwtlf4I'
788050074861461508,2016-10-17 16:12:33,b'I will be speaking with @ScottWapnerCNBC today at 12:15pm ET for his 5th anniversary of the @HalftimeReport'
788000279677591552,2016-10-17 12:54:41,"b'Anthony @Scaramucci, who I respect, has come up with many excellent insights in his new book.  \nhttps://t.co/NrM72q5BmA'"
785511700472729600,2016-10-10 16:05:58,b'My views concerning recent developments for Donald Trump: https://t.co/OU2rq7qNaG'
785450576859594752,2016-10-10 12:03:05,b'I just released a statement about the closing of the Taj Mahal. Read it here: https://t.co/xPd096LK2A'
781516881173815296,2016-09-29 15:31:59,b'Proud to see @PepBoysAuto taking another step in becoming the leader in quality auto parts for less. https://t.co/AiYuY1l8lV'
777971923141656580,2016-09-19 20:45:35,"b'In response to inquiries, we released the following statement regarding Chesapeake Energy ( $CHK )\xe2\x80\x93 https://t.co/jjNV0gOUSJ'"
775704048641183744,2016-09-13 14:33:51,"b""I'll be speaking with @ScottWapnerCNBC today at 4:50pm at #DeliveringAlpha"""
775673435104092160,2016-09-13 12:32:12,b'Carl Icahn issues statement regarding $FCX sale of deepwater O&amp;G assets: https://t.co/14nFDDfP5x'
773184429200203777,2016-09-06 15:41:47,b'I\xe2\x80\x99ll be speaking with @TeamCavuto on @FoxBusiness today at 12:30 p.m. ET.'
770724315176243205,2016-08-30 20:46:10,b'Wrote letter to the editor of @WSJ concerning Ron Barusch\xe2\x80\x99s @Dealpolitik article re our position in Herbalife $HLF: https://t.co/DIOHVCaIP2'
770665229017636864,2016-08-30 16:51:23,b'Good article by @JeffCoxCNBCcom regarding Ackman and $HLF: https://t.co/8yjaZrTL0F'
769271814392582144,2016-08-26 20:34:27,b'I just issued a statement about $HLF. Read it here: https://t.co/wRuNLk1mZt'
768893753260056576,2016-08-25 19:32:10,b'Tony Rodio Issues Statement Regarding the Taj: https://t.co/se6OvSD0Fa'
765572735124766720,2016-08-16 15:35:38,"b""I'll be speaking with @ErikSchatzker on @BloombergTV today at 1:00 p.m. ET"""
765232520329822209,2016-08-15 17:03:44,b'@mcuban Cap spending is way down b/c companies r worried about onerous regs - which is diminishing productivity &amp; our ability to compete'
765232459449446400,2016-08-15 17:03:30,b'@mcuban it sure has stopped me and thousands of others from making capital investments in companies.'
763811723879018496,2016-08-11 18:58:00,"b'2/2  How do you \xe2\x80\x9cunleash the power of corporations\xe2\x80\x9d if you do nothing about the strangulating regulations, which she said zero about'"
763811504751800320,2016-08-11 18:57:08,b'1/2 Hillary\xe2\x80\x99s speech was a mishmash of contradictions.  For example\xe2\x80\xa6'
763098338103267328,2016-08-09 19:43:16,b'I\xe2\x80\x99ll be on @FoxBusiness at 5:00 p.m. ET speaking with Adam Shapiro @Ajshaps'
763098257786634240,2016-08-09 19:42:56,b'I\xe2\x80\x99ll be on Quest Means Business @questCNN at 4:00 p.m. ET on CNN International'
763072653343076352,2016-08-09 18:01:12,b'Trump is right on about our economy. Read more: https://t.co/mwewRWTMoE'
763033163576774656,2016-08-09 15:24:17,"b'2/2  How many of our presidents, even our great presidents, would have handled the antics that went on in that auditorium as well as he did?'"
763032786504679424,2016-08-09 15:22:47,b'1/2   Believe Trump gave a great speech.'
761269470610554880,2016-08-04 18:36:00,b'Taj Ownership Issues Letter to Taj Employees: https://t.co/CdPX0stRVH'
755543675736915968,2016-07-19 23:23:44,"b""I'll be speaking to @trish_regan tonight on @FoxBusiness after @SpeakerRyan finishes his speech, around 9:30pm ET."""
753930827520770048,2016-07-15 12:34:51,b'Pleased to see $HLF has settled with the FTC.  Read my statement here: https://t.co/NkC7l8kiEJ'
752608037278457856,2016-07-11 20:58:33,b'Nice writeup on @waynepacelle \xe2\x80\x98s new book \xe2\x80\x98The Humane Economy\xe2\x80\x99. Happy to have helped this important cause. https://t.co/taIUAHOmaM'
737636647005786113,2016-05-31 13:27:35,b'We have recently acquired a large position in Allergan $AGN &amp; are very supportive of CEO Brent Saunders. Read more: https://t.co/5OoDWo6Q0g'
730783306053193728,2016-05-12 15:34:52,b'Happy Cheniere ( $LNG) appointed Jack Fusco as CEO.  I think it\xe2\x80\x99s a great step in the right direction. https://t.co/uVu0pBHmdw'
729747621796007936,2016-05-09 18:59:25,b'Carl Icahn Issues Statement in Response to Bernie Sanders Remarks: https://t.co/yas7P8zJ4V'
725717908056330241,2016-04-28 16:06:47,b'I\xe2\x80\x99ll be on @CNBC \xe2\x80\x98s @PowerLunch today around 2pmET'
705749094447374336,2016-03-04 13:37:50,b'2/2 Hologic is the quintessential example of activism at its best. We commend Steve MacMillan for a job well done.'
705748888708370432,2016-03-04 13:37:01,b'1/2 Yesterday our designees resigned from the $HOLX board because the situation no longer calls for activism.'
705147182870044672,2016-03-02 21:46:04,b'2/2 I am saddened to have heard the news.'
705147132274147329,2016-03-02 21:45:51,"b""1/2 Aubrey McClendon was one of the brightest men I've ever dealt with. I personally always found him to be a gentleman in our interactions."""
697892484807069696,2016-02-11 21:18:29,b'Happy to announce we reached an agreement to join the board of $AIG: https://t.co/r2i90z73Mm'
693072309695987712,2016-01-29 14:04:49,b'4/4  I hope and believe the results will be just as good for $XRX shareholders'
693072201264840705,2016-01-29 14:04:24,b'3/4  I applaud and respect Ursula Burns for doing what she believes shareholders want \xe2\x80\x93 as @Donahoe_John did with $EBAY and $PYPL'
693072142406176769,2016-01-29 14:04:10,b'2/4  We believe the separation will greatly enhance value for $XRX shareholders'
693072057165312000,2016-01-29 14:03:49,b'1/4  Happy to announce we reached an agreement with $XRX re: separation into two independent public companies: https://t.co/KoRmzNkzTb'
689440031728009217,2016-01-19 13:31:27,b'We just released a statement (including other important information) on $AIG \xe2\x80\x93 available here: https://t.co/Th3WHxcPCk'
681589554948644864,2015-12-28 21:36:27,b'Just made a new offer to acquire Pep Boys for $18.50 per share: https://t.co/w9OLzD7jFD'
679656892826796032,2015-12-23 13:36:45,b'$PBY informed $IEP that our amended bid continues to be superior and they intend to terminate Bridgestone deal. See: https://t.co/Ch1xcI6sFh'
678932085143379968,2015-12-21 13:36:37,b'$PBY informed $IEP that our increased $16.50 bid is superior &amp; they intend to terminate Bridgestone deal. See filing https://t.co/AAR5v4xKRi'
676373780902649856,2015-12-14 12:10:50,b'I wrote an op-ed in the @nytimes regarding repatriation.  You can read it here: https://t.co/fDYCWOnlpg'
676247922363731969,2015-12-14 03:50:43,"b'Regarding the termination of Charif Souki as CEO of Cheniere, we have made the following statement: https://t.co/Ls7E0Yv6v9'"
675367106817454080,2015-12-11 17:30:40,b'If you haven\xe2\x80\x99t seen \xe2\x80\x98Danger Ahead\xe2\x80\x99 watch it on https://t.co/4rVAcLBsH9. Unfortunately I believe the meltdown in High Yield is just beginning'
675366546605252608,2015-12-11 17:28:27,"b'You should also read, \xe2\x80\x9cJunk-Bond Fear Gauge Nears 3-Year High After Third Avenue Freeze\xe2\x80\x9d: https://t.co/DiDtq2iFKA'"
675366443500871684,2015-12-11 17:28:02,"b""Should read this, especially if you are in the market:  \xe2\x80\x9cLike Icahn, SEC Sees 'Danger Ahead' in These Risky ETFs\xe2\x80\x9d https://t.co/2J3cLZ9gQL"""
672777402897063936,2015-12-04 14:00:07,b'Very happy about this transaction: https://t.co/KruoDGnAQ1'
672395527917580288,2015-12-03 12:42:41,"b""I was recently a guest on @boonepickens 's podcast.  You can watch it here: https://t.co/oOVVZDEGu1"""
668791339077779456,2015-11-23 14:00:55,b'We just released a statement (including other important information) on $AIG \xe2\x80\x93 available here: https://t.co/QOVsS3kgg4'
664509147996626944,2015-11-11 18:25:01,b'I\xe2\x80\x99ll be speaking with @TeamCavuto today at 1:40pm ET on @FoxBusiness'
661319353544126464,2015-11-02 23:09:55,b'I\xe2\x80\x99ll be on @MariaBartiromo \xe2\x80\x98s \xe2\x80\x98Mornings with Maria\xe2\x80\x99 tomorrow at 7:20 a.m. ET on @FoxBusiness'
659792132207677440,2015-10-29 18:01:17,b'3/3 There is no reason Congress cannot act now to pass international tax reform with the Highway Bill.Read my letter https://t.co/fbbB8mNWMR'
659791847540264961,2015-10-29 18:00:09,b'2/3 Today Pfizer confirmed they are planning to move out of the country. The situation is much more dangerous than most people believe.'
659791787842736128,2015-10-29 17:59:55,"b'1/3 Unfortunately, my warning concerning the imminent exodus of many of our best companies is coming true.'"
659355099848941569,2015-10-28 13:04:40,b'I own a large stake in AIG and have just sent the following letter to the CEO: https://t.co/YbwIYpRfVE'
659045301785874436,2015-10-27 16:33:39,b'Senator Rob Portman is right on: https://t.co/yzBqnj80sP'
658640616570671104,2015-10-26 13:45:34,"b'Good article by @zachmider @bpolitics re my super PAC, view of inversions and some recent criticism: https://t.co/kdTcqWkNwJ'"
656912346414252032,2015-10-21 19:18:02,b'I\xe2\x80\x99ll be speaking with @PoppyHarlowCNN on Quest Means Business @CNN International today at 4pm ET'
656853508650459136,2015-10-21 15:24:14,b'I\xe2\x80\x99ll be speaking with @ScottWapnerCNBC on @CNBC @HalftimeReport today at 12:30pm ET'
656847655667011588,2015-10-21 15:00:59,b'2/2   I have therefore sent the following letter to the relevant committees and leaders of Congress: https://t.co/EGcuHvzou4'
656847494584799233,2015-10-21 15:00:21,b'1/2   I am starting a Super PAC with my initial commitment of $150 million to help end the crippling dysfunction in Congress'
651753340112646145,2015-10-07 13:37:59,b'Happy to announce we reached an agreement to join Freeport-McMoRan $FCX board: http://t.co/ogZ2qed6kN'
651067549703118848,2015-10-05 16:12:54,b'I\xe2\x80\x99ll be speaking with @trish_regan on @FOXBUSINESS today at 2:15pm ET'
649997467023450112,2015-10-02 17:20:47,"b'If you want to know what\xe2\x80\x99s wrong with earnings these days, @jciesielski \xe2\x80\x99s recent reports are a must-read: http://t.co/b4zTjxbc8y'"
649650382734557184,2015-10-01 18:21:35,b'Here\xe2\x80\x99s the full interview I had with @ScottWapnerCNBC yesterday on @CNBC:\nhttps://t.co/1ayVQK86OL'
649642907075526656,2015-10-01 17:51:53,b'Good article by @nathanvardi @Forbes about #DangerAhead\nhttps://t.co/qPxc803WrU'
649252737415258112,2015-09-30 16:01:29,b'I\xe2\x80\x99ll be speaking with @ScottWapnerCNBC on @HalftimeReport today at 12:15pm ET re markets and \xe2\x80\x98Danger Ahead\xe2\x80\x99'
648860840523902977,2015-09-29 14:04:14,"b'You can watch my new video, \xe2\x80\x98Danger Ahead,\xe2\x80\x99 on http://t.co/4rVAcLBsH9'"
648709060678823937,2015-09-29 04:01:07,"b""'Danger Ahead' is now available on http://t.co/4rVAcLBsH9"""
648436400883412992,2015-09-28 09:57:39,b'Danger Ahead will be available tonight at midnight on http://t.co/4rVAcLBsH9.  You can watch the trailer there now.'
648436208222248961,2015-09-28 09:56:54,b'I\xe2\x80\x99m releasing a new video at midnight called \xe2\x80\x9cDanger Ahead.\xe2\x80\x9d It covers several critical matters I believe we need to be far more aware of.'
638372524171071488,2015-08-31 15:27:24,b'Excellent @barronsonline article that reiterates the dangers of #ETF s I debated during @DeliveringAlpha on @CNBC: http://t.co/05XDhV3h3b'
635802140427087872,2015-08-24 13:13:37,b'Happy to announce we reached an agreement to join Cheniere $LNG board: http://t.co/RXbioJjEnf'
633767724351549440,2015-08-18 22:29:34,b'Clip from Alan Greenspan\xe2\x80\x99s interview with @trish_regan is worth watching.  http://t.co/warLpL51B4'
629731132020555777,2015-08-07 19:09:36,"b'3/3  In both areas, we are in dire need of a breath of fresh air.'"
629731085883154432,2015-08-07 19:09:25,"b'2/3 Seriously, the methods of electing our corporate and political leaders have become completely dysfunctional.'"
629731049686364160,2015-08-07 19:09:16,b'1/3 After last night\xe2\x80\x99s debate I decided to accept @realDonaldTrump offer for Secretary of Treasury.'
628658283918852096,2015-08-04 20:06:29,"b'2/2  Happy we were instrumental in bringing Steve in, and think he\xe2\x80\x99s done a great job.'"
628658180990599168,2015-08-04 20:06:04,b'1/ 2  Trimmed our position but remain a huge supporter of Steve MacMillan and the @Hologic ($HOLX) team.'
623187610429693952,2015-07-20 17:47:59,b'This recent @WSJ piece shows other investors are concerned about a bond ETF crisis too. More to come on this soon: http://t.co/d2B23QuIDz'
621337939558182912,2015-07-15 15:18:03,b'I\xe2\x80\x99ll be debating w/ Larry Fink at @DeliveringAlpha today at 4:40pm ET.  @ScottWapnerCNBC to moderate.  Will be live on @CNBC.'
613727158909833217,2015-06-24 15:15:31,"b'2/2   If more respected investors had warned about the market in \xe2\x80\x9907, we might have avoided the crisis in \xe2\x80\x9908.'"
613727064164663296,2015-06-24 15:15:09,b'1/2   I believe the market is extremely overheated \xe2\x80\x93 especially high yield bonds.'
613718497219076096,2015-06-24 14:41:06,b'Sold last of our $NFLX today.  Believe $AAPL currently represents same opportunity we stated NFLX offered several years ago.'
611983515748470785,2015-06-19 19:46:54,b'You can see my intvw w/ @trish_regan &amp; @TeamCavuto on @FoxBusiness re interest rates &amp; more: http://t.co/JXvRPFl0oB ; http://t.co/GsuxQC7T0b'
611921396747272192,2015-06-19 15:40:04,b'A few remarks re @realDonaldTrump running for President &amp; wanting to nominate me for the Secretary of Treasury. http://t.co/7VRkNvV2RT'
608347419819057154,2015-06-09 18:58:22,b'Read my response to @UHLocal54 re important facts about their union: http://t.co/BgAPA73AQA'
605413787747770368,2015-06-01 16:41:09,b'I\xe2\x80\x99ll be speaking with @TrishIntel  on \xe2\x80\x98Trish Regan Intel\xe2\x80\x99 today around 2:30pm ET on @FoxBusiness.'
605380762393669632,2015-06-01 14:29:55,b'Pleased to announce $IEP closed acquisition of substantially all assets of Uni-Select USA &amp; Beck/Arnley Worldparts: http://t.co/DIdb6TV1kK'
604303187621724160,2015-05-29 15:08:01,b'You can watch the 2nd part of my @WallStreetWeek intrview w/ @Scaramucci @GaryKaminsky this Sunday - 11AM ET on FOX &amp; http://t.co/BQAZ9tFGvD'
601750341655220225,2015-05-22 14:03:56,b'Good article in @Reuters by @SamuelForgione re $AAPL: http://t.co/Fwq4mYoQMj'
600315019041996800,2015-05-18 15:00:28,b'Think you will find our latest letter to @tim_cook re $AAPL interesting: http://t.co/w6e9XvWptb'
594261430569861120,2015-05-01 22:05:40,b'I\xe2\x80\x99ll be on @WallStreetWeek Sunday discussing #Apple $AAPL + more with @Scaramucci &amp; @GaryKaminsky. Tune in 11AM ET at http://t.co/MQ1LyfL0fo'
593073924822343680,2015-04-28 15:26:57,b'$AAPL is still undervalued and misunderstood. Expect to put out another in-depth report within two weeks.'
578533042387427328,2015-03-19 12:26:40,b'Just wrote a letter to the unionized employees of the Trump Taj Mahal. Read it at http://t.co/dr8YSH7KKl'
577453355477393410,2015-03-16 12:56:23,"b'For those interested in #corpgov issues, the Peltz intw w/ @davidfaber &amp; @jimcramer is a must watch.Great points made http://t.co/kFKOKBglyL'"
572372186754908160,2015-03-02 12:25:38,b'See my thoughts on our agreement with $GCI on http://t.co/ndG9m96YVP\xe2\x80\xa6Another step forward for corporate governance'
568472292768014336,2015-02-19 18:08:50,b'Good piece by @maureenmfarrell in @WSJMoneyBeat re $AAPL http://t.co/9WpZYsc5AR. Many analysts still missing it. AAPL currently only 11x P/E'
565967308582297601,2015-02-12 20:14:56,b'but also about belief that shareholders have the right to voice opinions - that is what democracy is all about http://t.co/ETILUjs1pc'
565967276252622848,2015-02-12 20:14:48,b'I greatly respect $AAPL\xe2\x80\x99s Board but my comments on @CNBC not only underscore my opinion on buyback \xe2\x80\xa6'
565598397890326528,2015-02-11 19:49:01,b'Read our latest thoughts on $AAPL: http://t.co/1eW2BGMOxQ'
564903043284492289,2015-02-09 21:45:55,"b'Pleased to announce $IEP to acquire substantially all assets of Uni-Select USA, a leading auto parts distributor:\nhttp://t.co/b4hoOAGRcP'"
564789059453980672,2015-02-09 14:12:59,b'See my comments re $MTW agreement on http://t.co/rM9sehkzvg \xe2\x80\xa6Another great day for corporate governance #corpgov'
561233305761480704,2015-01-30 18:43:41,b'I\xe2\x80\x99ve written a response to the letter I received yesterday from employees of the Trump Taj Mahal.  Read it at http://t.co/ZIM2nB8Epc'
560507207973097473,2015-01-28 18:38:26,b'I\xe2\x80\x99ll be speaking with @PoppyHarlowCNN on @questCNN at 4:15pm ET.'
560481247919898625,2015-01-28 16:55:17,b'Will be talking to @ScottWapnerCNBC on @CNBC at 12:30 with Brett Icahn &amp; David Schechter to discuss our thoughts on $AAPL'
558281849580298241,2015-01-22 15:15:39,"b'I\xe2\x80\x99ll be speaking with @ScottWapnerCNBC on @CNBCFastMoney at 12:30ET.  We\xe2\x80\x99ll be discussing recent events at $EBAY, $GCI and more.'"
558256547353362433,2015-01-22 13:35:07,b'Read my letter (including other important information) to the CEO of $GCI at http://t.co/MUCKm5rujY'
558014219787198464,2015-01-21 21:32:12,b'See our comments re $EBAY agreement on http://t.co/vGoykWZEQk. It\xe2\x80\x99s a good day for corporate governance #corpgov'
553242856056696832,2015-01-08 17:32:30,b'I\xe2\x80\x99ll be on @CNBCFastMoney today at 5:30pm ET for their 8th anniversary show'
552169402494619648,2015-01-05 18:26:59,b'Good read from Dec 27 @barronsonline by @HarvardWinters re $AAPL. Supports our buyback thesis: http://t.co/UecY2rUr1Y'
545658803426181120,2014-12-18 19:16:11,"b'I\xe2\x80\x99ve written a response letter to CEO of Trump Entertainment Resorts, Bob Griffin, re the Taj. You can read it at http://t.co/FUZ9wX1nXJ'"
544588634301943808,2014-12-15 20:23:43,b'My Q &amp; A with Bloomberg\xe2\x80\x99s @BSteverman @business: http://t.co/VMoUgDgZzl'
537358698889633793,2014-11-25 21:34:32,b'Wrote an open letter to @UHLocal54 president Bob McDevitt re Taj.  Read at Shareholders\xe2\x80\x99 Square Table: http://t.co/i2QHNENS8W'
537297803597606913,2014-11-25 17:32:33,"b""Never met/spoke to magician Becker @nypost states I've been talking to re running the Taj. Hope &amp; believe Taj can be saved w/out a magician"""
536919043073388544,2014-11-24 16:27:29,b'.@TheEconomist asked me to write 850 words on what investors should do to profit in 2015. Here\xe2\x80\x99s what I said: http://t.co/5fUchEwADF'
535544824909537280,2014-11-20 21:26:50,b'Believe $HTZ has hired an excellent CEO \xe2\x80\x93 read company\xe2\x80\x99s press release: http://t.co/Q73Nz1vYdm'
535143675161247744,2014-11-19 18:52:49,b'Take a look at this letter sent by the Taj to its employees. @UHLocal54 continues to misrepresent the facts:  http://t.co/AjqjXReRPE'
531918982899843072,2014-11-10 21:19:02,b'Excellent letter just issued by Trump Taj Mahal to its employees. Sums it all up: http://t.co/kItCUniwof'
526776646544949248,2014-10-27 16:45:14,b'Good editorial in the Press of Atlantic City.  Sums up situation well.   http://t.co/6WTXVN1pzU \n#acpress #savetheTajnow'
525640851897483265,2014-10-24 13:31:59,b'Glad Taj employees stopped listening to Union leaders who don\xe2\x80\x99t care about their jobs. #savetheTajnow http://t.co/nr7kWJcHGy'
525640738902908929,2014-10-24 13:31:32,b'Understand Taj employees are asking @GovChristie &amp; Senator Sweeney to help save their jobs. #savetheTajnow'
525603616611401728,2014-10-24 11:04:02,b'Just issued letter to Taj Local 54 Employees: http://t.co/nr7kWJcHGy'
525320443612647425,2014-10-23 16:18:48,b'Had a good conversation with @SRuhle @BloombergTV #RHInvestors http://t.co/qelE87GhAn'
525319368214081536,2014-10-23 16:14:32,b'Nice time speaking with @scottwapnercnbc @cnbc #RHInvestors http://t.co/XBsNsyA4bz'
525319058158551040,2014-10-23 16:13:18,b'Enjoyed participating in the #shareholderactivism panel at the @robinhoodnyc #RHInvestors conference on Tuesday \xe2\x80\x93 a great cause.'
524619783065858048,2014-10-21 17:54:37,b'At 5:30pm ET I will be talking to @SRuhle on @BloombergTV. #RHInvestors'
524619155375673344,2014-10-21 17:52:08,b'I will be speaking with @ScottWapnerCNBC on @CNBC at 5pm ET.  #RHInvestors'
524609196625784833,2014-10-21 17:12:33,b'Today I\xe2\x80\x99ll be speaking about #shareholderactivism at the @robinhoodnyc #RHInvestors conference to help a great cause.'
520660031550017536,2014-10-10 19:39:59,b'A Message to Concerned Citizens of Atlantic City: http://t.co/K2pkGqCchV'
520624097425113088,2014-10-10 17:17:12,b'Just posted message to Mayor Guardian of Atlantic City.  Happy he recognizes our turnaround of the Tropicana in AC http://t.co/TvWthLrrYl'
520266556115542016,2014-10-09 17:36:27,"b'At 3pm we\xe2\x80\x99ll be on @FoxBusiness  with @LizClaman &amp; @CGasparino, and we promise that is it for today.'"
520265224180727809,2014-10-09 17:31:10,"b'We\xe2\x80\x99ll be talking to @trish_regan of @BloombergTV at 2pm about $AAPL, activism and more.'"
520233482766012416,2014-10-09 15:25:02,"b'I, Brett &amp; Dave (the Sargon duo) will be speaking w/ @ScottWapnerCNBC at noon on @CNBCFastMoney Halftime Report re $AAPL, &amp; activism'"
520194248327852034,2014-10-09 12:49:08,"b'Our letter to @tim_cook re $AAPL on @YahooFinance Contributors ""Sale: Apple Shares at Half Price"" http://t.co/z4F2XMtHv8'"
520190869849534464,2014-10-09 12:35:42,"b'Here\xe2\x80\x99s our letter to @tim_cook re $AAPL:  ""Sale: Apple Shares at Half Price"" http://t.co/1DOSdoRPOW'"
519918577718423552,2014-10-08 18:33:43,b'Tmrw we\xe2\x80\x99ll be sending an open letter to @tim_cook.  Believe it will be interesting.'
519918488040005632,2014-10-08 18:33:21,"b'Just over 1yr ago we tweeted our large position in $AAPL &amp; belief the company extremely undervalued.  Since then, stock is up 50.6%'"
516971802128818177,2014-09-30 15:24:17,b'Happy about spin off of PayPal. Read more on my thoughts concerning future of $EBAY at Shareholders\xe2\x80\x99 Square Table: http://t.co/n3ypp4T3yQ'
516699819713507328,2014-09-29 21:23:31,"b""I just released a statement on Taj AC. I find Union reaction incomprehensible.  See Shareholders' Square Table:  http://t.co/gfMdMYlr3F"""
510198935491985410,2014-09-11 22:51:19,b'Happy to have 3 nominees joining $HTZ Board soon http://t.co/tB37eyhCQM'
504643451124985856,2014-08-27 14:55:49,"b'To Rich Handler, will get back to you shortly on #ALSChallenge, but right now too busy working on BIG deal with another investment banker'"
502936516487045122,2014-08-22 21:53:04,b'Here\xe2\x80\x99s an interesting piece from @CNNMoney that points to several others concerned with a stock market bubble: http://t.co/xTTiSmPc0u'
502879689892171777,2014-08-22 18:07:15,b'I believe sound #shareholderactivism (note $IEP) can help alleviate some of these current economic struggles http://t.co/mElFXbWYEw'
502879384743976960,2014-08-22 18:06:03,"b'As I\xe2\x80\x99ve said b4, w/ exceptions, many companies in America are terribly run. This sad situation leads to many financial woes we face today.'"
502181631562891264,2014-08-20 19:53:25,b'Read our 13D on $HTZ here: http://t.co/Asadtb7xqj'
502178561479159809,2014-08-20 19:41:13,b'We just filed a 13D on The Hertz Corporation ($HTZ).'
501794327505686528,2014-08-19 18:14:25,b'More observations about markets and stocks to come. See http://t.co/DOV4d2Aa5Q'
501794271922765824,2014-08-19 18:14:11,b'All my chips still on the table and in fact increased position over past year.'
501794143413493760,2014-08-19 18:13:41,b'Believed $AAPL to be one of my \xe2\x80\x9cno-brainers\xe2\x80\x9d. Anyone that invested at that time would be up 53% (including dividends)'
501794076942172160,2014-08-19 18:13:25,b'About 1 yr ago we tweeted to our followers about our investment in $AAPL and that stock was \xe2\x80\x9cextremely undervalued\xe2\x80\x9d https://t.co/JUrfmWEHLx'
501793872159449089,2014-08-19 18:12:36,b'$AAPL crossed $100 today (equivalent of pre split $700).'
501451810369175554,2014-08-18 19:33:22,"b'In response to media inquiries, see our statement concerning Dollar General\xe2\x80\x99s ($DG) bid for Family Dollar ($FDO): http://t.co/DOV4d2Aa5Q'"
500029498080129024,2014-08-14 21:21:37,b'We just filed a 13D on Gannett Company ($GCI).  Read more here:http://t.co/yfOWKVY58w'
499202842981576704,2014-08-12 14:36:47,"b'Excited to be a member of @YahooFinance Contributors.  Here\xe2\x80\x99s my first post, \xe2\x80\x9cThe Bottom Line\xe2\x80\x9d: http://t.co/tE4q1IaH0c $IEP'"
498907350267609088,2014-08-11 19:02:36,b'Thanks @nathanvardi for a nice piece in @Forbes re $IEP\xe2\x80\x99s activism: http://t.co/IwcURVWJLE'
496709486732902400,2014-08-05 17:29:04,b'Very pleased with IEP\xe2\x80\x99s performance for Q2.  You can find our Q2 2014 financial results &amp; earnings webcast here: http://t.co/8EXfzSYdpC'
493807609896394752,2014-07-28 17:18:03,b'Happy the way the week started for all $FDO (Family Dollar) shareholders.  Read our press release at http://t.co/F0jL2v8V5J'
489427370000908288,2014-07-16 15:12:32,"b""Look forward to speaking at the #DeliveringAlpha conference today. I'll be interviewed by @ScottWapnerCNBC at 4:30 p.m."""
479719384286384129,2014-06-19 20:16:28,b'Sent a letter to $FDO (FAMILY DOLLAR) today. Read it here: http://t.co/EBESnZAbsh  \nImportant SEC legend: http://t.co/AW7nvROPxN'
475019951229509632,2014-06-06 21:02:36,b'Disclosed a 9% position in FAMILY DOLLAR today. Hope to continue our streak of value enhancement. Read our 13D here: http://t.co/0FKHMSFyAZ'
466970932796719104,2014-05-15 15:58:40,b'Good piece in Monday\xe2\x80\x99s NYT by Anthony @Scaramucci on the great potential for activists to change corporate America: http://t.co/kbtP0NkzzW'
463339466305048576,2014-05-05 15:28:31,b'I will be speaking with @ScottWapnerCNBC today at 12:30 p.m. ET. on @CNBCFastMoney Halftime Report.'
463048273268596736,2014-05-04 20:11:26,"b""My article from Barron's on Warren Buffett's abstention from a vote on Coke's executive-pay plan now on http://t.co/DOV4d2Aa5Q"""
462631737424879616,2014-05-03 16:36:16,"b""Here\xe2\x80\x99s  my piece in today\xe2\x80\x99s Barron's @barronsonline re Warren Buffett abstaining on Coke  comp vote: http://t.co/hQ8lFyHg3v"""
462321425723166720,2014-05-02 20:03:12,"b'I\xe2\x80\x99ve written what I believe to be an informative piece titled \xe2\x80\x9cWhy Buffett is Wrong on Coke,\xe2\x80\x9d which will appear tomorrow in Barron\xe2\x80\x99s'"
461282269034864641,2014-04-29 23:13:57,b'Good op-ed in Saturday\xe2\x80\x99s New York Times by Joe Nocera on Warren Buffett: http://t.co/AgSMca7DTf'
461172852365225985,2014-04-29 15:59:10,"b'Very happy to be on @CNBC \xe2\x80\x99s list of top  \xe2\x80\x98Rebels, Icons and Leaders\xe2\x80\x99 of the last 25yrs :  http://t.co/CrNJYL5AQ3  #CNBC25'"
460879373319811072,2014-04-28 20:32:59,b'Great move by #HLF to suspend dividend &amp; buyback shares. $HLF accelerates return to shareholders. Confirms confidence in the future.'
459417628311035904,2014-04-24 19:44:32,"b""Happy to be on @TIME's100 most influential people list. Also want to thank friend @boonepickens for his kind words: http://t.co/vTjuBC49DD"""
459074721913782273,2014-04-23 21:01:57,"b'As we said at conference yesterday, we continue to believe $AAPL remains meaningfully undervalued. Many analysts fail to understand company'"
459072979197259776,2014-04-23 20:55:02,"b""Agree completely with $AAPL's increased buyback and extremely pleased with results. Believe we\xe2\x80\x99ll also be happy when we see new products."""
458749703408984064,2014-04-22 23:30:27,b'Enjoyed speaking at the 13D Monitor activist conference and with @davidfaber after. http://t.co/Y2J7q5Uwb2'
458270012978249728,2014-04-21 15:44:20,b'The book highlights future problems for our economy brilliantly. I intend to discuss it more on Shareholders\xe2\x80\x99 Square Table shortly.'
458269944007114752,2014-04-21 15:44:03,b'Spent weekend reading great new book \xe2\x80\x9cCapital in the Twenty-First Century\xe2\x80\x9d by Thomas Piketty.'
454304737790545920,2014-04-10 17:07:44,b'I will also be speaking with @MelissaAFrancis + @Cgasparino at 2:30 pm on @FoxBusiness'
454304535838998528,2014-04-10 17:06:56,b'I will be speaking with @trish_regan at 2 pm on @BloombergTV'
454264815721381889,2014-04-10 14:29:06,b'I will be speaking to @ScottWapnerCNBC on @CNBCFastMoney today at 12:30'
454233900693614592,2014-04-10 12:26:15,"b""Extremely pleased about agreement with $EBAY. Believe it's a win-win for ALL shareholders. See press release here: http://t.co/dTJmj8WSw1"""
448839170710982657,2014-03-26 15:09:32,b'Read my new post on the need for stockholder representation on public company boards: http://t.co/kAuEwYUys2 http://t.co/nmVW93dPB2'
448164075046834177,2014-03-24 18:26:56,b'I will be speaking with @CGasparino on @FoxBusiness at 3p.m. ET.'
448132456470695936,2014-03-24 16:21:18,b'I will be on @CNBCFastMoney with @ScottWapnerCNBC today at 12:30 p.m. ET.'
448043060165767168,2014-03-24 10:26:04,"b""We hope &amp; believe our directors will enhance value &amp; contribute to the long term success of $HLF, as we've done w/ many co\xe2\x80\x99s in the past."""
448042897036677121,2014-03-24 10:25:25,"b'$HLF added 3addt. Icahn designees,totaling 5 on their board. We thank them for this share of confidence. HLF release http://t.co/1wEvATsrHE'"
447027321745076225,2014-03-21 15:09:53,b'Great article @pghwrites The real problem at $EBAY: Corporate Governance. http://t.co/WaMBfL6aZ0 http://t.co/74iwc20fYy'
446326907919818753,2014-03-19 16:46:41,b'Read our latest letter to $EBAY shareholders at http://t.co/kAuEwYUys2 http://t.co/t9VLUdXfDE'
445988775487750144,2014-03-18 18:23:04,b'Read our latest letter to $EBAY shareholders at http://t.co/kAuEwYUys2 http://t.co/aYhzU5EPR3'
443774395324960768,2014-03-12 15:43:55,b'Read our latest letter to $EBAY shareholders at http://t.co/kAuEwYUys2 http://t.co/0gpXomMHpi'
443058100703330305,2014-03-10 16:17:37,b'I will be on CNBC today at 12:45 p.m. ET.'
443001878964494337,2014-03-10 12:34:13,b'READ OUR LATEST LETTER AND YOU BE THE JUDGE.  http://t.co/F0jL2v8V5J http://t.co/gyBcv64tBi'
443001581319901185,2014-03-10 12:33:02,b'WE BELIEVE BASED ON EVIDENCE WE HAVE NEWLY UNCOVERED THAT DONAHOE\xe2\x80\x99S INCOMPETENCE COST EBAY HOLDERS OVER $4 BILLION http://t.co/Lbci1eU7M8'
442873576304025600,2014-03-10 04:04:23,b'Great gift from my daughter.  She says a 2nd addition coming soon.  Hope $EBAY is on it. http://t.co/IyBOXif3Zg'
441567623126339584,2014-03-06 13:35:00,b'Read our latest letter to $EBAY shareholders at http://t.co/kAuEwYUys2 http://t.co/fhqESHexmy'
440485508532015104,2014-03-03 13:55:03,b'$IEP also announced increase in annual distribution from $5.00 to $6.00 per LP unit. Read my letter at http://t.co/kAuEwYUys2'
440481491684835328,2014-03-03 13:39:06,b'Happy to report record 2013 earnings for $IEP of $9.07 per unit (increase of 144% vs last year). See release here:   \nhttp://t.co/Iuou4BAu67'
440480538260799489,2014-03-03 13:35:18,b'Read our latest letter to $EBAY shareholders at http://t.co/MNjikwkoLn  #notworldclass     #spinpaypalnow http://t.co/8nzqdbKwJN'
439400096883425280,2014-02-28 14:02:01,b'See our latest letter to eBay shareholders on http://t.co/kAuEwYUys2 http://t.co/r3JgPtxNsi'
439034869432061952,2014-02-27 13:50:44,b'Read our reply to $EBAY \xe2\x80\x98s statement and challenge at http://t.co/kAuEwYUys2 http://t.co/AVJHy7BJ42'
438678654298501120,2014-02-26 14:15:16,b'Read our new letter to $EBAY shareholders at http://t.co/kAuEwYUys2 http://t.co/qzecEeJ6ia'
438402292128428032,2014-02-25 19:57:06,b'I will be on @CNN \xe2\x80\x98s Quest Means Business with @richardquest today at 4:00 p.m. E.T'
437946889602756608,2014-02-24 13:47:29,b'Read our letter to $EBAY shareholders at http://t.co/kAuEwYCpdU http://t.co/OY5nogAHDN'
435746782211891200,2014-02-18 12:05:03,"b'Since our involvement, $FRX shrholders enjoyed gain in market value of apprx $17 bln;  over 193%. Read more: http://t.co/kAuEwYCpdU'"
435746688397889536,2014-02-18 12:04:40,b'Great result for ALL $FRX (Forest Labs) shareholders - proves again that activism works. Read more at http://t.co/kAuEwYCpdU'
434389394472984576,2014-02-14 18:11:16,b'All set to watch @HouseofCards tonight.  Happy Valentine\xe2\x80\x99s Day $NFLX!'
434383549001506816,2014-02-14 17:48:03,b'\xe2\x80\x9c\xe2\x80\x98Poison pills\xe2\x80\x99 that are triggered when activists buy shares should be banned.\xe2\x80\x9d Good article in @TheEconomist: http://t.co/CyZtyNoJLj'
434349721415454721,2014-02-14 15:33:38,"b'Good read in @TheEconomist: \xe2\x80\x9cAmerica should make life easier, not harder, for activist investors\xe2\x80\x9d http://t.co/CyZtyNoJLj'"
433967028458618880,2014-02-13 14:12:56,b'Read our latest piece about the potential of the new Shareholder-Director Exchange on http://t.co/kAuEwYCpdU'
433965765172011009,2014-02-13 14:07:55,"b'FYI Elon and Steve I play chess on shredder/iPad &amp; make music lists on sonos regularly, therefore I\xe2\x80\x99m only half Luddite!'"
433680819664584704,2014-02-12 19:15:39,"b'Insightful Forbes cover story by Steven Bertoni. A must-read for EBAY shareholders, especially quotes from Elon Musk.'"
433625873741127680,2014-02-12 15:37:19,b'@HarvardCorpGov Thanks for posting.'
433625699878834177,2014-02-12 15:36:37,b'@TeamCavuto @FoxBusiness Thanks for a great interview.'
433625489966522368,2014-02-12 15:35:47,"b'@CGasparino   \nIt\xe2\x80\x99s true, especially when you go after some of the establishment guys I don\xe2\x80\x99t like.'"
433604571173105664,2014-02-12 14:12:40,"b'Read our latest piece, \xe2\x80\x9cDisqualifying Dissident Nominees: A New Trend in Incumbent Director Entrenchment\xe2\x80\x9d on http://t.co/kAuEwYCpdU'"
433302909439078400,2014-02-11 18:13:58,b'I look forward to speaking with Neil @TeamCavuto on @FoxNews today at 4p.m. ET'
432882372762021888,2014-02-10 14:22:54,b'See our open letter to $AAPL Shareholders re \xe2\x80\x9cthe precatory\xe2\x80\x9d on The Shareholders\xe2\x80\x99 Square Table:  \nhttp://t.co/oGqHx3UFjG'
431882070676086784,2014-02-07 20:08:04,"b'@jimcramer @ScottWapnerCNBC No need to call Scott. As you noted this morning, Tim came in Clint Eastwood-style and has a lot more bullets.'"
431882000413519872,2014-02-07 20:07:47,"b""RT @jimcramer: @Carl_C_Icahn -Time to call in to @ScottWapnerCNBC about how much you've been buying of late? Stock has big bid underneath"""
431869378607329281,2014-02-07 19:17:38,"b'$GOOG @ 19x2014 est operating profit. At same multiple $AAPL=$1,245 per share. Ridiculous. Keep buying Tim! You still have $145 billion cash'"
431869288807288834,2014-02-07 19:17:16,b'Tim Cook again confirms $AAPL will launch new products in new categories (plural) this year. Wall Street apparently still not listening.'
428897899049529345,2014-01-30 14:30:02,"b""Cynical @barronsonline piece on $DELL-\xe2\x80\x9cDell's Prospects Suddenly Brighten.\xe2\x80\x9d Which Dell was tellng truth when shrhldrs sold @ bargain price?"""
428896673767497728,2014-01-30 14:25:10,b'Appreciate being featured in @activistinsight Annual Review: http://t.co/c83aNhcDoZ. Review contains great pieces on #shareholderactivism'
428196836860375040,2014-01-28 16:04:16,"b""Just bought $500 mln more $AAPL shares. My buying seems to be going neck-and-neck with Apple's buyback program, but hope they win that race."""
426447543929544704,2014-01-23 20:13:12,b'Today we have put out a seven page letter to $AAPL shareholders discussing why buyback should be markedly increased: http://t.co/O7F8S7BzWg'
426446334422298624,2014-01-23 20:08:23,"b'Bought another $500mil of $AAPL tday, bringing our total to $3.6 billion.  If board doesn\xe2\x80\x99t see AAPL\xe2\x80\x99s \xe2\x80\x98no brainer\xe2\x80\x99 value we sure do.'"
426435882636161025,2014-01-23 19:26:51,"b""I'll be speaking with @CGasparino today at 3:10."""
426016453846790144,2014-01-22 15:40:12,b'We feel $APPL board is doing great disservice to shareholders by not having markedly increased its buyback. In-depth letter to follow soon.'
426016357923037185,2014-01-22 15:39:49,"b'Having purchased $500 million more $AAPL shares in the last two weeks, our investment has crossed the $3 billion mark yesterday.'"
426016278646493184,2014-01-22 15:39:30,"b'Since tweeting about our large position in $AAPL on Aug 13, when the stock was 468 per share, we\xe2\x80\x99ve kept buying shares of this \xe2\x80\x98no brainer.\xe2\x80\x99'"
420993146831400960,2014-01-08 18:59:22,b'Oops. Had a typo \xe2\x80\x93$FRX up approx 18% today not 8%'
420986100581023744,2014-01-08 18:31:22,b'We\xe2\x80\x99ll continue to hold CEOs &amp; boards more accountable &amp; grow partnerships btwn activists &amp; institutional investors to help #ShareholderValue'
420985966224883712,2014-01-08 18:30:50,b'Activism proves to be working well at $FRX. Since Sept 10 (when new CEO Brent Saunders arrived) the co\xe2\x80\x99s stock is up aprx 57% and 8% today.'
418121756713291777,2013-12-31 20:49:29,"b'Wishing all a happy, healthy and prosperous 2014!  \xe2\x80\x9813 was a good year for improving corporate governance and I\xe2\x80\x99m hoping \xe2\x80\x9914 will be great.'"
410042737480589312,2013-12-09 13:46:21,"b'Also happy that $HOLX has retained Dr. Burton Drayer, Chairman of the Department of Radiology at Mount Sinai, as a scientific advisor.'"
410042670065532930,2013-12-09 13:46:05,b'Optimistic re changes at HOLOGIC. Two of our reps have joined the board and we welcome new CEO Steve MacMillan. http://t.co/8gAeFgC0Ao'
408324753665966080,2013-12-04 19:59:42,"b'Gave $AAPL notice we\xe2\x80\x99ll be making a precatory proposal to call for vote to increase buyback program, although not at $150 billion level.'"
408324620928827392,2013-12-04 19:59:10,"b'Next issue of @TIME Magazine, out tomorrow, features a piece on activism. I understand I will be on the cover. Hope I like what I read.'"
407504284515725313,2013-12-02 13:39:27,"b""The record shows that our involvement on boards has created meaningful value for shareholders. I'm optimistic this will continue with $TLM"""
407504158443311104,2013-12-02 13:38:57,b'Happy to have reached an agreement with Talisman Energy where two of our representatives will join the board. http://t.co/LnzaBytXan'
405330176906514434,2013-11-26 13:40:19,b'Icahn Study shows value of activism; 28% annualized return for investor during our board membership periods.  See http://t.co/aKfWLnnxXU'
403527291717697538,2013-11-21 14:16:18,b'Disclosed aprx. 34 million share position in HOLOGIC. May have convos re enhancing shareholder value/ brd seats/ etc: http://t.co/RPulrm2sun'
402620998127603712,2013-11-19 02:15:00,b'Visit http://t.co/kAuEwYCpdU  for my personal views concerning media reports on my remarks re markets and AAPL from Reuters Summit'
401463111107899392,2013-11-15 21:33:59,b'Encouraging: inst investors realize need for diverse/fresh/truly ind directors. Their vote is where it counts though. http://t.co/fj3glASYJr'
399769132654006273,2013-11-11 05:22:43,"b'RIG also to cut brd to 11, and concluded it will pursue MLP and cut costs/improve margins by $800 mm.  See company press release for details'"
399768883365556224,2013-11-11 05:21:43,"b'Grt news for Transocean and activism today.  RIG will nominate V Intrieri (now on brds of CHK, FRX, NAV) to brd in 2014, giving us 2 seats'"
397351085980921857,2013-11-04 13:14:15,"b""I believe that my statement included in today's IEP earnings release will be of interest to all shareholders: http://t.co/IMrcHczmig"""
394875186316451840,2013-10-28 17:15:55,b'I will be on Fox Business today at 1:20 p.m. ET.'
394846574070599680,2013-10-28 15:22:13,"b'To Bill Gross @PIMCO: If you really want to do good, why not join http://t.co/nn6jp9E2ch like Gates, I and many others have?'"
393373604856856576,2013-10-24 13:49:10,b'We\xe2\x80\x99ll be talking more about the website and Apple with @ScottWapnerCNBC Wapner at noon on CNBC.'
393373347523727360,2013-10-24 13:48:09,b'We realize there was a glitch that is now fixed so you can sign in if you were having problems before.'
393368939708702721,2013-10-24 13:30:38,"b'SST has launched.  Join to fight for true corporate democracy, read our letter to Tim Cook, and much more! http://t.co/kAuEwYCpdU'"
393093210571931648,2013-10-23 19:14:59,"b'Just sent a letter to Tim Cook. Full letter will be disclosed on my website, the Shareholders\xe2\x80\x99 Square Table, which will be launched tomorrow'"
392760910340558848,2013-10-22 21:14:32,"b'Sold block of NFLX today. Wish to thank Reed Hastings, Ted Sarandos, NFLX team, and last but not least Kevin Spacey: http://t.co/BRWpKOBfD2'"
387548865454280705,2013-10-08 12:03:44,"b""I'm optimistic their impact at NUAN will be similar to HAIN, where stock went from $20.20 to $79.56 over the 3 years they sat on the board."""
387548687167008768,2013-10-08 12:03:01,b'Happy to have reached an agreement with Nuance Communications where Dave Schechter and Brett Icahn will join the board of directors.'
387324829432426496,2013-10-07 21:13:30,"b'Disclosed approx 61 million share position in Talisman Energy. May have conversations with mgmt re strategic alternatives, board seats, etc.'"
386146463467577344,2013-10-04 15:11:05,"b'I withdrew my demand for appraisal of my Dell shares. Based on our returns on capital, we believe we have better uses for $2 billion.'"
385052381097906177,2013-10-01 14:43:36,b'I\xe2\x80\x99ll be on CNBC at noon.'
385047418284158976,2013-10-01 14:23:53,b'Had a cordial dinner with Tim last night. We pushed hard for a 150 billion buyback. We decided to continue dialogue in about three weeks.'
383233475395846144,2013-09-26 14:15:55,"b'As we say goodbye, we thank Irwin for his great leadership and passion at Hain. Here\xe2\x80\x99s to future dinners with him and his superb products.'"
383233356525105152,2013-09-26 14:15:26,b'Since they joined the price has increased from $20.20 to $76.27.Irwin Simon stated Dave and Brett\xe2\x80\x99s impact has greatly helped him to succeed'
383233230901497857,2013-09-26 14:14:57,b'The value created for HAIN shareholders over the 3yrs Dave Schechter and Brett Icahn sat on the board is a good example of activism at work'
382867238790774785,2013-09-25 14:00:37,b'IEP announces an acquisition it believes will greatly enhance shareholder value.  See our press release: http://t.co/skk8wRHAdO'
382540037495078912,2013-09-24 16:20:26,b'Our country has been lucky over its history that it has had the right people to call on in a crisis. It\xe2\x80\x99s sad to see Bernanke go.'
382539958008832001,2013-09-24 16:20:07,b'Our country owes Bernanke a great deal for pulling us out of the mess several of the largest investment banks go us into in \xe2\x80\x9808.'
380723696874184704,2013-09-19 16:02:57,"b""I'll be on CNBC with Maria Bartiromo at around 4:15 PM ET today."""
380466320740859904,2013-09-18 23:00:14,b'I wrote an Op-Ed which I think will be of interest. Now on http://t.co/0ttNxrCwlq website and will be in paper tomorrow.'
380465406550347777,2013-09-18 22:56:36,b'I will be on @FoxBusiness tonight talking to @TeamCavuto at 8:40 PM ET'
379628643309211648,2013-09-16 15:31:36,"b'A must read for students of \xe2\x80\x9cabsurdities\xe2\x80\x9d \xe2\x80\x93 Gretchen Morgenson\xe2\x80\x99s article, P1 Sun @nytimes. Congrats on good reporting http://t.co/hVjsGYrN4n'"
378244999734784000,2013-09-12 19:53:30,b'Congrats to @jimcramer \xe2\x80\x93 his article outing perpetual losers is a must read! http://t.co/3jcv8ij0bL'
377501185655062529,2013-09-10 18:37:50,b'Here is our press release re FRX: http://t.co/yVL1WzgTBD'
377472263445966848,2013-09-10 16:42:55,"b'As Forest Labs\xe2\x80\x99 2nd largest shareholder, we have great expectations for FRX due to Brent Saunders becoming CEO.  Press release to come.'"
377116261978619904,2013-09-09 17:08:17,b'On Bloomberg at 3'
377102806533939200,2013-09-09 16:14:49,b'Will be on CNBC today at 12:30.'
377059240084402177,2013-09-09 13:21:42,b'Here is our letter: http://t.co/jHbW6o85A4'
377054394165891072,2013-09-09 13:02:27,b'We intend to release a letter to all Dell shareholders shortly.'
372357785024860160,2013-08-27 13:59:48,"b'Our reply: IEP fund is up 19.03% since July 1. While we like the NY Post, what you read in the papers, \xe2\x80\x9cain\xe2\x80\x99t necessarily so.\xe2\x80\x9d'"
372357709565161472,2013-08-27 13:59:30,"b'Sunday\xe2\x80\x99s NY Post article, \xe2\x80\x98Radioactivists,\xe2\x80\x99 in its 1st sentence states: \xe2\x80\x9cThis summer, Wall Street\xe2\x80\x99s activist top guns are shooting blanks\xe2\x80\xa6\xe2\x80\x9d'"
370615097963450368,2013-08-22 18:34:59,b'Spoke to Tim. Planning dinner in September. Tim believes in buyback and is doing one. What will be discussed is magnitude.'
368049734910365696,2013-08-15 16:41:09,"b""NYT's thesis that Ackman's actions prove something is wrong with activism is specious. His actions prove only something is wrong with Ackman"""
367351130776285184,2013-08-13 18:25:09,b'Had a nice conversation with Tim Cook today. Discussed my opinion that a larger buyback should be done now. We plan to speak again shortly.'
367350206993399808,2013-08-13 18:21:29,b'We currently have a large position in APPLE. We believe the company to be extremely undervalued. Spoke to Tim Cook today. More to come.'
364409973410775040,2013-08-05 15:38:02,b'Yesterday we filed a 21 page brief explaining how we believe the Dell board has breached its fiduciary duties in its recent actions.'
363319255548182528,2013-08-02 15:23:55,b'We are pleased to have won another battle in the Dell war but the war itself is far from over. More to follow.'
361919526121644033,2013-07-29 18:41:53,b'Of all his scare tactics Dell has finally come up with the best one-he\xe2\x80\x99ll stay as CEO if we don\xe2\x80\x99t accept his offer. http://t.co/cpmcnXfOHy'
361903295838687234,2013-07-29 17:37:24,"b""Reply to MD's WSJ intv to come. I explain a reason Dell is undervalued is due to a major liability that can be easily removed-Michael Dell."""
360054783744294913,2013-07-24 15:12:04,b'All would be swell at Dell if Michael and the board bid farewell.'
357206782050959363,2013-07-16 18:35:08,b'I\xe2\x80\x99ll be an Alpha Agitator at tmrw\xe2\x80\x99s Delivering Alpha Conference. Nowadays there are plenty of corporate boards and CEOs to agitate about.'
355383656296099840,2013-07-11 17:50:41,b'I\xe2\x80\x99ll be on Bloomberg at 4pm today to speak about Dell and \xe2\x80\x9cno-brainers.\xe2\x80\x9d http://t.co/wH75SDcgc6'
352846481931239424,2013-07-04 17:48:51,b'Happy Birthday to a great nation.'
349987264576753664,2013-06-26 20:27:20,b'Where are all the shareholders\xe2\x80\x99 private jets? What happened to CEO accountability? http://t.co/k9Iwev59Bn via @forbes'
347739201191702528,2013-06-20 15:34:20,b'Twitter is great. I like it almost as much as I like Dell.'
